{
  "source_progress": "C:\\Users\\van\\u_suite\\runs\\LIVE_MAX_HELICAL_NEG\\runs\\N128_MAX_HELICAL_NEG\\progress.jsonl",
  "out_root": "C:\\Users\\van\\u_suite\\runs\\LIVE_MAX_HELICAL_NEG\\runs\\N128_MAX_HELICAL_NEG",
  "nu": 0.001,
  "kappa": 8.0,
  "epsilon_crit": 0.008,
  "dt": 0.001,
  "series_length": 1801,
  "tail_fit": {
    "a": -0.3643387848342919,
    "b": -2.5266191659211974,
    "R2_logexp": 0.9999999999994901
  },
  "predicted_crossing": {
    "t_hit": 1.7667779191568265,
    "extra_time_needed": -0.034222080843173464,
    "extra_steps_needed": 0,
    "hit_possible": false
  }
}