{
  "source_progress": "C:\\Users\\van\\u_suite\\runs\\N128_RAND_SOL\\progress.jsonl",
  "out_root": "C:\\Users\\van\\u_suite\\runs\\N128_RAND_SOL",
  "nu": 0.001,
  "kappa": 8.0,
  "epsilon_crit": 0.008,
  "dt": 0.001,
  "series_length": 1201,
  "tail_fit": {
    "a": -1.1203360712335355,
    "b": -0.18239487492332343,
    "R2_logexp": 0.9999935754162027
  },
  "predicted_crossing": {
    "t_hit": 20.32939613915991,
    "extra_time_needed": 19.12839613915991,
    "extra_steps_needed": 19129,
    "hit_possible": true
  }
}