{
  "run_id": "N128_20251002_160407",
  "params": {
    "adapter": "ns_fft",
    "scheme": "rk2",
    "CFL": 0.4,
    "nu": 0.001,
    "snapshot_stride": 100,
    "save_arrays": [
      "u",
      "v",
      "w",
      "p",
      "T"
    ],
    "E0": 0.001,
    "ic": "RAND_SOL",
    "N": 128,
    "steps": 1200,
    "serrin_pairs": [
      [
        5,
        5
      ],
      [
        8,
        4
      ]
    ]
  },
  "finished_at": "2025-10-02T17:05:52.367147",
  "final_diags": {
    "E": 0.0006576650775969028,
    "budget_residual": -2.573893918418851e-07,
    "E_source": "adapter",
    "eps_field": 0.0002240749357686615,
    "eps_source": "adapter",
    "omega_max": 1.1787264347076416,
    "omega_source": "adapter",
    "strain_max": 0.7330157155797614,
    "strain_source": "adapter",
    "enstrophy": 0.22407490015029907,
    "enstrophy_source": "adapter",
    "pal_source": "computed",
    "div_u_max": 2.423646676616431e-06,
    "div_source": "adapter",
    "budget_source": "adapter",
    "KMR": 12.321689571758014,
    "KMR_source": "adapter",
    "CFL": 0.4,
    "dt": 0.001,
    "BKM": 1.5767478004693993,
    "BKM_source": "adapter",
    "Q_mean": 0.05601871613298416,
    "Q_source": "adapter",
    "error_track": 3.7133172554604243e-06,
    "error_track_source": "adapter",
    "H1_semi": 0.22407493576857443,
    "H2_semi": 42.774490820622994,
    "H1_norm": 0.47475284719922245,
    "H2_norm": 6.557429457229926,
    "grad_inf_bound": 6.557429457229926,
    "serrin": {
      "p4_q12": {
        "Lq": 0.06374125010810942,
        "Int_Lq_p": 3.1052974127172366e-05
      },
      "p8_q6": {
        "Lq": 0.0501308751916121,
        "Int_Lq_p": 1.2420461464455752e-10
      }
    },
    "cum_dissipation": 0.0003422687018269441,
    "energy_drop": 0.00034233485348522663,
    "diss_balance_err": 6.615165828251267e-08
  }
}