{
  "source_progress": "C:\\Users\\van\\u_suite\\runs\\LIVE_SHEAR_STRIPE\\runs\\N128_SHEAR_STRIPE\\progress.jsonl",
  "out_root": "C:\\Users\\van\\u_suite\\runs\\LIVE_SHEAR_STRIPE\\runs\\N128_SHEAR_STRIPE",
  "nu": 0.001,
  "kappa": 8.0,
  "epsilon_crit": 0.008,
  "dt": 0.001,
  "series_length": 1201,
  "tail_fit": {
    "a": -1.294531339590324,
    "b": -0.06372895244145164,
    "R2_logexp": 0.999999201526078
  },
  "predicted_crossing": {
    "t_hit": 55.450188059477284,
    "extra_time_needed": 54.249188059477284,
    "extra_steps_needed": 54250,
    "hit_possible": true
  }
}