{
  "run_id": "N128_20250930_174041",
  "params": {
    "adapter": "ns_fft",
    "scheme": "rk2",
    "CFL": 0.4,
    "nu": 0.001,
    "snapshot_stride": 100,
    "save_arrays": [
      "u",
      "v",
      "w",
      "p",
      "T"
    ],
    "E0": 0.0012,
    "ic": "SHEAR_STRIPE",
    "ic_params": {
      "shear": {
        "modes": [
          [
            1,
            0,
            0
          ],
          [
            1,
            1,
            0
          ],
          [
            0,
            1,
            1
          ]
        ],
        "amplitudes": [
          1.0,
          0.7,
          0.5
        ]
      },
      "bandlimit_kmax": 42
    },
    "N": 128,
    "steps": 1200,
    "serrin_pairs": [
      [
        5,
        5
      ],
      [
        8,
        4
      ]
    ]
  },
  "finished_at": "2025-09-30T18:44:26.803022",
  "final_diags": {
    "E": 0.0010369621450081468,
    "budget_residual": -2.4698442144071003e-08,
    "E_source": "adapter",
    "eps_field": 0.00012512177252181085,
    "eps_source": "adapter",
    "omega_max": 0.7936265468597412,
    "omega_source": "adapter",
    "strain_max": 0.40656216333797035,
    "strain_source": "adapter",
    "enstrophy": 0.12512175738811493,
    "enstrophy_source": "adapter",
    "pal_source": "computed",
    "div_u_max": 3.1620270103365888e-06,
    "div_source": "adapter",
    "budget_source": "adapter",
    "KMR": 14.25395427349552,
    "KMR_source": "adapter",
    "CFL": 0.4,
    "dt": 0.001,
    "BKM": 0.9911654751300814,
    "BKM_source": "adapter",
    "Q_mean": 0.03128043556360475,
    "Q_source": "adapter",
    "error_track": 2.1001376353524392e-06,
    "error_track_source": "adapter",
    "H1_semi": 0.1251217725216483,
    "H2_semi": 8.356587612838041,
    "H1_norm": 0.35664505718103623,
    "H2_norm": 2.9126934802086035,
    "grad_inf_bound": 2.9126934802086035,
    "serrin": {
      "p4_q12": {
        "Lq": 0.06508235661930625,
        "Int_Lq_p": 2.5079764101797922e-05
      },
      "p8_q6": {
        "Lq": 0.05658868834292188,
        "Int_Lq_p": 1.718567900491759e-10
      }
    },
    "cum_dissipation": 0.0001630221113410029,
    "energy_drop": 0.00016303756274282932,
    "diss_balance_err": 1.545140182641902e-08
  }
}