{
  "nu": 0.001,
  "epsilon_crit": 0.008,
  "C_gn": 2.0,
  "L": 1.0,
  "safety": 1.05,
  "dt": 0.001,
  "series_length": 11205,
  "min": {
    "min_value": 0.08711121924077143,
    "min_index": 11205,
    "min_time": 11.205
  },
  "final": {
    "final_value": 0.08711121924077143,
    "final_index": 11205,
    "final_time": 11.205
  },
  "tail_fit": {
    "a": -1.1056874795462412,
    "b": -0.11913831076472066,
    "R2_logexp": 0.9999999889716034
  },
  "predicted_crossing": {
    "t_hit": 31.246256840989282,
    "extra_time_needed": 20.041256840989284,
    "extra_steps_needed": 20042,
    "hit_possible": true
  },
  "notes": "E_upper is rigorous (Poincar\u00e9). L3_actual is a GN upper bound from actual E & enstrophy. L3_upper combines E_upper and actual enstrophy."
}