{
  "run_id": "N128_20250923_080054",
  "params": {
    "adapter": "ns_fft",
    "scheme": "rk2",
    "CFL": 0.4,
    "nu": 0.001,
    "snapshot_stride": 100,
    "save_arrays": [
      "u",
      "v",
      "w",
      "p",
      "T"
    ],
    "E0": 0.001,
    "ic": "TG2X",
    "N": 128,
    "steps": 4000,
    "serrin_pairs": [
      [
        5,
        5
      ],
      [
        8,
        4
      ]
    ]
  },
  "finished_at": "2025-09-23T11:38:26.096530",
  "final_diags": {
    "E": 0.0004834981809835881,
    "budget_residual": 3.7192028701872387e-07,
    "E_source": "adapter",
    "eps_field": 0.00011507011611700625,
    "eps_source": "adapter",
    "omega_max": 0.7722981572151184,
    "omega_source": "adapter",
    "strain_max": 0.5586207986700227,
    "strain_source": "adapter",
    "enstrophy": 0.11507013440132141,
    "enstrophy_source": "adapter",
    "pal_source": "computed",
    "div_u_max": 1.6798302117054624e-06,
    "div_source": "adapter",
    "budget_source": "adapter",
    "KMR": 14.555527377001857,
    "KMR_source": "adapter",
    "CFL": 0.4,
    "dt": 0.001,
    "BKM": 3.98309974563122,
    "BKM_source": "adapter",
    "Q_mean": 0.028767538171409143,
    "Q_source": "adapter",
    "error_track": 2.6190605240117293e-06,
    "error_track_source": "adapter",
    "H1_semi": 0.1150701161169369,
    "H2_semi": 13.801181908042826,
    "H1_norm": 0.3406422059564905,
    "H2_norm": 3.7305789122496433,
    "grad_inf_bound": 3.7305789122496433,
    "serrin": {
      "p4_q12": {
        "Lq": 0.045586368712044946,
        "Int_Lq_p": 5.1957608287910335e-05
      },
      "p8_q6": {
        "Lq": 0.03971368972035919,
        "Int_Lq_p": 2.8740886588450496e-10
      }
    },
    "cum_dissipation": 0.0007663981519629077,
    "energy_drop": 0.00076650085975416,
    "diss_balance_err": 1.0270779125234539e-07
  }
}