{
  "adapter": "ns_fft",
  "scheme": "rk2",
  "CFL": 0.4,
  "nu": 0.001,
  "snapshot_stride": 100,
  "save_arrays": [
    "u",
    "v",
    "w",
    "p",
    "T"
  ],
  "E0": 0.0012,
  "ic": "TRAVELING_HELICAL_WAVE",
  "ic_params": {
    "amp": 0.2,
    "kz": 1,
    "omega": 0.4,
    "handedness": 1,
    "phase_seed": 17
  },
  "runs": [
    {
      "N": 128,
      "steps": 1200,
      "ic": "TRAVELING_HELICAL_WAVE"
    },
    {
      "N": 256,
      "steps": 1600,
      "ic": "TRAVELING_HELICAL_WAVE"
    }
  ]
}