{
  "source_progress": "C:\\Users\\van\\u_suite\\runs\\N128_TRAVELING_HELICAL_WAVE\\runs\\N128\\progress.jsonl",
  "out_root": "C:\\Users\\van\\u_suite\\runs\\N128_TRAVELING_HELICAL_WAVE\\runs\\N128",
  "nu": 0.001,
  "kappa": 8.0,
  "epsilon_crit": 0.008,
  "dt": 0.001,
  "series_length": 1201,
  "tail_fit": {
    "a": -1.404056055347559,
    "b": -0.039478986124187945,
    "R2_logexp": 0.9999999918710845
  },
  "predicted_crossing": {
    "t_hit": 86.7362112892958,
    "extra_time_needed": 85.5352112892958,
    "extra_steps_needed": 85536,
    "hit_possible": true
  }
}