{
  "run_id": "N128_20251010_180238",
  "params": {
    "adapter": "ns_fft",
    "scheme": "rk2",
    "CFL": 0.4,
    "nu": 0.001,
    "snapshot_stride": 100,
    "save_arrays": [
      "u",
      "v",
      "w",
      "p",
      "T"
    ],
    "E0": 0.0012,
    "ic": "TRAVELING_HELICAL_WAVE",
    "ic_params": {
      "amp": 0.2,
      "kz": 1,
      "omega": 0.4,
      "handedness": 1,
      "phase_seed": 17
    },
    "N": 128,
    "steps": 1200,
    "serrin_pairs": [
      [
        5,
        5
      ],
      [
        8,
        4
      ]
    ]
  },
  "finished_at": "2025-10-10T19:06:09.650129",
  "final_diags": {
    "E": 0.0010914377635344863,
    "omega_max": 0.41308021545410156,
    "E_source": "adapter",
    "eps_field": 8.617650605813313e-05,
    "eps_source": "adapter",
    "omega_source": "adapter",
    "strain_max": 0.2920918087909342,
    "strain_source": "adapter",
    "enstrophy": 0.08617644757032394,
    "enstrophy_source": "adapter",
    "pal_source": "computed",
    "div_u_max": 0.0,
    "div_source": "adapter",
    "budget_residual": 6.112445153360366e-07,
    "budget_source": "adapter",
    "KMR": 15.646649813851557,
    "KMR_source": "adapter",
    "CFL": 0.4,
    "dt": 0.001,
    "BKM": 0.5080482013225546,
    "BKM_source": "adapter",
    "Q_mean": 0.02154409727062869,
    "Q_source": "adapter",
    "error_track": 1.8356587361267884e-07,
    "error_track_source": "adapter",
    "H1_semi": 0.08617650605813312,
    "H2_semi": 3.402112164558356,
    "H1_norm": 0.2972530598416139,
    "H2_norm": 1.8682803713959952,
    "grad_inf_bound": 1.8682803713959952,
    "serrin": {
      "p4_q12": {
        "Lq": 0.05810010533384493,
        "Int_Lq_p": 1.5067800256166883e-05
      },
      "p8_q6": {
        "Lq": 0.05421437483237678,
        "Int_Lq_p": 1.0898293226309827e-10
      }
    },
    "cum_dissipation": 0.00010855980465322955,
    "energy_drop": 0.0001085641561076045,
    "diss_balance_err": 4.3514543749567e-09
  }
}