{
  "source_progress": "C:\\Users\\van\\u_suite\\runs\\N128_TG\\progress.jsonl",
  "out_root": "C:\\Users\\van\\u_suite\\runs\\N128_TG",
  "nu": 0.001,
  "kappa": 8.0,
  "epsilon_crit": 0.008,
  "dt": 0.001,
  "series_length": 1201,
  "tail_fit": {
    "a": -1.1090617972797303,
    "b": -0.1182120390162862,
    "R2_logexp": 0.9999999988981522
  },
  "predicted_crossing": {
    "t_hit": 31.462547900981267,
    "extra_time_needed": 30.261547900981267,
    "extra_steps_needed": 30262,
    "hit_possible": true
  }
}