{
  "run_id": "N128_20250916_200214",
  "params": {
    "adapter": "ns_fft",
    "scheme": "rk2",
    "CFL": 0.4,
    "nu": 0.001,
    "snapshot_stride": 100,
    "save_arrays": [
      "u",
      "v",
      "w",
      "p",
      "T"
    ],
    "E0": 0.001,
    "ic": "TG",
    "N": 128,
    "steps": 1200,
    "serrin_pairs": [
      [
        5,
        5
      ],
      [
        8,
        4
      ]
    ]
  },
  "finished_at": "2025-09-16T21:01:48.494009",
  "final_diags": {
    "E": 0.0009403991280123591,
    "budget_residual": -1.8629705764822927e-07,
    "E_source": "adapter",
    "eps_field": 0.0002229818748845858,
    "eps_source": "adapter",
    "omega_max": 1.0872442722320557,
    "omega_source": "adapter",
    "strain_max": 0.7726004097620702,
    "strain_source": "adapter",
    "enstrophy": 0.22298181056976318,
    "enstrophy_source": "adapter",
    "pal_source": "computed",
    "div_u_max": 3.053560353624002e-06,
    "div_source": "adapter",
    "budget_source": "adapter",
    "KMR": 12.33676217482362,
    "KMR_source": "adapter",
    "CFL": 0.4,
    "dt": 0.001,
    "BKM": 1.4054503391981108,
    "BKM_source": "adapter",
    "Q_mean": 0.05574543656373514,
    "Q_source": "adapter",
    "error_track": 3.660228230728535e-06,
    "error_track_source": "adapter",
    "H1_semi": 0.22298187488441126,
    "H2_semi": 26.481383459130917,
    "H1_norm": 0.474196871710934,
    "H2_norm": 5.1678086392852585,
    "grad_inf_bound": 5.1678086392852585,
    "serrin": {
      "p4_q12": {
        "Lq": 0.0636559804483645,
        "Int_Lq_p": 2.6588379785192017e-05
      },
      "p8_q6": {
        "Lq": 0.05544590360474315,
        "Int_Lq_p": 2.0021340135545933e-10
      }
    },
    "cum_dissipation": 0.0003095581073492953,
    "energy_drop": 0.000309599912725389,
    "diss_balance_err": 4.180537609371846e-08
  }
}