{
  "source_progress": "C:\\Users\\van\\u_suite\\runs\\LIVE_DYADIC_TOWER\\runs\\N128_DYADIC_TOWER\\progress.jsonl",
  "out_root": "C:\\Users\\van\\u_suite\\runs\\LIVE_DYADIC_TOWER\\runs\\N128_DYADIC_TOWER",
  "nu": 0.001,
  "kappa": 8.0,
  "epsilon_crit": 0.008,
  "dt": 0.001,
  "series_length": 6751,
  "tail_fit": {
    "a": -0.8968711691202721,
    "b": -0.5898836538033261,
    "R2_logexp": 0.9998204223632463
  },
  "predicted_crossing": {
    "t_hit": 6.66477625347594,
    "extra_time_needed": -0.08622374652406073,
    "extra_steps_needed": 0,
    "hit_possible": false
  }
}