{
  "run_id": "N128_20251004_202529",
  "params": {
    "adapter": "ns_fft",
    "scheme": "rk2",
    "CFL": 0.4,
    "nu": 0.001,
    "snapshot_stride": 100,
    "save_arrays": [
      "u",
      "v",
      "w",
      "p",
      "T"
    ],
    "E0": 0.0012,
    "ic": "DYADIC_TOWER",
    "ic_params": {
      "tower": {
        "k_list": [
          4,
          8,
          16,
          32
        ],
        "beta": 0.3333
      },
      "bandlimit_kmax": 42,
      "seed": 123
    },
    "N": 128,
    "steps": 6750,
    "serrin_pairs": [
      [
        5,
        5
      ],
      [
        8,
        4
      ]
    ]
  },
  "finished_at": "2025-10-05T02:38:06.127285",
  "final_diags": {
    "E": 3.2373853287026577e-07,
    "budget_residual": -1.3744949615384758e-10,
    "E_source": "adapter",
    "eps_field": 3.4723268316224393e-07,
    "eps_source": "adapter",
    "omega_max": 0.06189054250717163,
    "omega_source": "adapter",
    "strain_max": 0.03282516430966868,
    "strain_source": "adapter",
    "enstrophy": 0.00034723267890512943,
    "enstrophy_source": "adapter",
    "pal_source": "computed",
    "div_u_max": 5.4787641794000475e-08,
    "div_source": "adapter",
    "budget_source": "adapter",
    "KMR": 62.103122140425064,
    "KMR_source": "adapter",
    "CFL": 0.4,
    "dt": 0.001,
    "BKM": 5.63791341387104,
    "BKM_source": "adapter",
    "Q_mean": 8.680816866200373e-05,
    "Q_source": "adapter",
    "error_track": 2.280077922023338e-07,
    "error_track_source": "adapter",
    "H1_semi": 0.00034723268316220237,
    "H2_semi": 0.19868962893109965,
    "H1_norm": 0.018651545786554608,
    "H2_norm": 0.4461362001578975,
    "grad_inf_bound": 0.4461362001578975,
    "serrin": {
      "p4_q12": {
        "Lq": 0.0015224998546195538,
        "Int_Lq_p": 2.409064974662785e-05
      },
      "p8_q6": {
        "Lq": 0.0011281696766064224,
        "Int_Lq_p": 9.226006304953634e-11
      }
    },
    "cum_dissipation": 0.0011988924091245398,
    "energy_drop": 0.0011996762020487495,
    "diss_balance_err": 7.837929242096586e-07
  }
}