{
  "source_progress": "C:\\Users\\van\\u_suite\\runs\\N128\\progress.jsonl",
  "out_root": "C:\\Users\\van\\u_suite\\runs\\N128",
  "nu": 0.001,
  "kappa": 8.0,
  "epsilon_crit": 0.008,
  "dt": 0.001,
  "series_length": 8493,
  "tail_fit": {
    "a": -0.8752304877619809,
    "b": -0.4737942329043292,
    "R2_logexp": 0.9999999976411647
  },
  "predicted_crossing": {
    "t_hit": 8.343460040254534,
    "extra_time_needed": -0.14953995974546608,
    "extra_steps_needed": 0,
    "hit_possible": false
  }
}