{
  "run_id": "N128_20251003_111407",
  "params": {
    "adapter": "ns_fft",
    "scheme": "rk2",
    "CFL": 0.4,
    "nu": 0.001,
    "snapshot_stride": 100,
    "save_arrays": [
      "u",
      "v",
      "w",
      "p",
      "T"
    ],
    "E0": 0.001,
    "ic": "TG2X",
    "N": 128,
    "steps": 9000,
    "serrin_pairs": [
      [
        5,
        5
      ],
      [
        8,
        4
      ]
    ]
  },
  "finished_at": "2025-10-03T20:25:53.845862",
  "final_diags": {
    "E": 1.9714244103852252e-07,
    "budget_residual": -3.951025508358726e-10,
    "E_source": "adapter",
    "eps_field": 1.8679027575780492e-07,
    "eps_source": "adapter",
    "omega_max": 0.031562212854623795,
    "omega_source": "adapter",
    "strain_max": 0.022318584021280716,
    "strain_source": "adapter",
    "enstrophy": 0.00018679029017221183,
    "enstrophy_source": "adapter",
    "pal_source": "computed",
    "div_u_max": 4.755889654360473e-08,
    "div_source": "adapter",
    "budget_source": "adapter",
    "KMR": 72.51536168987555,
    "KMR_source": "adapter",
    "CFL": 0.4,
    "dt": 0.001,
    "BKM": 4.666723164394499,
    "BKM_source": "adapter",
    "Q_mean": 4.669757614665468e-05,
    "Q_source": "adapter",
    "error_track": 2.1039119246779592e-07,
    "error_track_source": "adapter",
    "H1_semi": 0.0001867902757577697,
    "H2_semi": 0.08849158649452687,
    "H1_norm": 0.013681540872279217,
    "H2_norm": 0.29778981019364437,
    "grad_inf_bound": 0.29778981019364437,
    "serrin": {
      "p4_q12": {
        "Lq": 0.0009219996572558115,
        "Int_Lq_p": 9.79351809539164e-06
      },
      "p8_q6": {
        "Lq": 0.0008030345942918959,
        "Int_Lq_p": 3.0131522608414524e-11
      }
    },
    "cum_dissipation": 0.000999333884500497,
    "energy_drop": 0.0009998043020402747,
    "diss_balance_err": 4.7041753977773715e-07
  }
}