{
  "source_progress": "C:\\Users\\van\\u_suite\\runs\\LIVE_HIGH_K_SHELL\\runs\\N128_HIGH_K_SHELL\\progress.jsonl",
  "out_root": "C:\\Users\\van\\u_suite\\runs\\LIVE_HIGH_K_SHELL\\runs\\N128_HIGH_K_SHELL",
  "nu": 0.001,
  "kappa": 8.0,
  "epsilon_crit": 0.008,
  "dt": 0.001,
  "series_length": 1201,
  "tail_fit": {
    "a": -0.7066551158175653,
    "b": -0.660198077434616,
    "R2_logexp": 0.999982634615254
  },
  "predicted_crossing": {
    "t_hit": 6.2430636537152475,
    "extra_time_needed": 5.042063653715248,
    "extra_steps_needed": 5043,
    "hit_possible": true
  }
}