{
  "run_id": "N128_20250930_160441",
  "params": {
    "adapter": "ns_fft",
    "scheme": "rk2",
    "CFL": 0.4,
    "nu": 0.001,
    "snapshot_stride": 100,
    "save_arrays": [
      "u",
      "v",
      "w",
      "p",
      "T"
    ],
    "E0": 0.0012,
    "ic": "HIGH_K_SHELL",
    "ic_params": {
      "kmin": 20,
      "kmax": 30
    },
    "N": 128,
    "steps": 1200,
    "serrin_pairs": [
      [
        5,
        5
      ],
      [
        8,
        4
      ]
    ]
  },
  "finished_at": "2025-09-30T17:08:49.418442",
  "final_diags": {
    "E": 0.0002477537200320512,
    "budget_residual": -1.768881127265417e-07,
    "E_source": "adapter",
    "eps_field": 0.00031455193444639173,
    "eps_source": "adapter",
    "omega_max": 1.6997005939483643,
    "omega_source": "adapter",
    "strain_max": 1.0953453983905634,
    "strain_source": "adapter",
    "enstrophy": 0.31455197930336,
    "enstrophy_source": "adapter",
    "pal_source": "computed",
    "div_u_max": 1.6154306749088798e-06,
    "div_source": "adapter",
    "budget_source": "adapter",
    "KMR": 11.31997566394714,
    "KMR_source": "adapter",
    "CFL": 0.4,
    "dt": 0.001,
    "BKM": 3.1180119317770005,
    "BKM_source": "adapter",
    "Q_mean": 0.07863800604008206,
    "Q_source": "adapter",
    "error_track": 7.973632818902843e-06,
    "error_track_source": "adapter",
    "H1_semi": 0.3145519344463592,
    "H2_semi": 209.0402899993418,
    "H1_norm": 0.5612908710164662,
    "H2_norm": 14.469116677987921,
    "grad_inf_bound": 14.469116677987921,
    "serrin": {
      "p4_q12": {
        "Lq": 0.042050546882776714,
        "Int_Lq_p": 2.6459810511571377e-05
      },
      "p8_q6": {
        "Lq": 0.031714864330518226,
        "Int_Lq_p": 1.0434994972077477e-10
      }
    },
    "cum_dissipation": 0.0009516049518880247,
    "energy_drop": 0.0009522466862108558,
    "diss_balance_err": 6.417343228311756e-07
  }
}