{
  "run_id": "N128_20251003_211629",
  "params": {
    "adapter": "ns_fft",
    "scheme": "rk2",
    "CFL": 0.4,
    "nu": 0.001,
    "snapshot_stride": 100,
    "save_arrays": [
      "u",
      "v",
      "w",
      "p",
      "T"
    ],
    "E0": 0.0012,
    "ic": "MASTER_MIX_B",
    "ic_params": {
      "mix": {
        "w_tower": 0.45,
        "w_shell": 0.4,
        "w_shear": 0.15
      },
      "tower": {
        "k_list": [
          4,
          8,
          16,
          32
        ],
        "beta": 0.3333
      },
      "shell": {
        "kmin": 18,
        "kmax": 28
      },
      "shear": {
        "modes": [
          [
            1,
            0,
            0
          ],
          [
            1,
            1,
            0
          ],
          [
            0,
            1,
            1
          ]
        ],
        "amplitudes": [
          1.0,
          0.7,
          0.5
        ]
      },
      "bandlimit_kmax": 42,
      "seed": 321
    },
    "N": 128,
    "steps": 1200,
    "serrin_pairs": [
      [
        5,
        5
      ],
      [
        8,
        4
      ]
    ]
  },
  "finished_at": "2025-10-03T22:18:54.542912",
  "final_diags": {
    "E": 0.0007897410541772842,
    "budget_residual": -2.8375076183147056e-07,
    "E_source": "adapter",
    "eps_field": 0.00011066005093923741,
    "eps_source": "adapter",
    "omega_max": 0.9306646585464478,
    "omega_source": "adapter",
    "strain_max": 0.5308421092837059,
    "strain_source": "adapter",
    "enstrophy": 0.11066004633903503,
    "enstrophy_source": "adapter",
    "pal_source": "computed",
    "div_u_max": 1.9138187010089847e-06,
    "div_source": "adapter",
    "budget_source": "adapter",
    "KMR": 14.698427238276349,
    "KMR_source": "adapter",
    "CFL": 0.4,
    "dt": 0.001,
    "BKM": 2.1587606381177906,
    "BKM_source": "adapter",
    "Q_mean": 0.027665010434708166,
    "Q_source": "adapter",
    "error_track": 4.401599653647281e-06,
    "error_track_source": "adapter",
    "H1_semi": 0.110660050939132,
    "H2_semi": 56.15607666160637,
    "H1_norm": 0.33502169041345153,
    "H2_norm": 7.501220980257404,
    "grad_inf_bound": 7.501220980257404,
    "serrin": {
      "p4_q12": {
        "Lq": 0.048852025854193695,
        "Int_Lq_p": 1.303531576183992e-05
      },
      "p8_q6": {
        "Lq": 0.04496822232911555,
        "Int_Lq_p": 5.4101470628792853e-11
      }
    },
    "cum_dissipation": 0.0004098390425839651,
    "energy_drop": 0.0004102590028196573,
    "diss_balance_err": 4.199602356922132e-07
  }
}