{
  "source_progress": "C:\\Users\\van\\u_suite\\runs\\LIVE_MULTI_BLOB\\runs\\N128_MULTI_BLOB\\progress.jsonl",
  "out_root": "C:\\Users\\van\\u_suite\\runs\\LIVE_MULTI_BLOB\\runs\\N128_MULTI_BLOB",
  "nu": 0.001,
  "kappa": 8.0,
  "epsilon_crit": 0.008,
  "dt": 0.001,
  "series_length": 1201,
  "tail_fit": {
    "a": -0.9745819220970464,
    "b": -0.27103711641430334,
    "R2_logexp": 0.9989191361837874
  },
  "predicted_crossing": {
    "t_hit": 14.218465227893354,
    "extra_time_needed": 13.017465227893354,
    "extra_steps_needed": 13018,
    "hit_possible": true
  }
}