{
  "run_id": "N128_20250930_184723",
  "params": {
    "adapter": "ns_fft",
    "scheme": "rk2",
    "CFL": 0.4,
    "nu": 0.001,
    "snapshot_stride": 100,
    "save_arrays": [
      "u",
      "v",
      "w",
      "p",
      "T"
    ],
    "E0": 0.0012,
    "ic": "MULTI_BLOB",
    "ic_params": {
      "blobs": [
        {
          "center": [
            0.31,
            0.27,
            0.14
          ],
          "sigma": 0.06
        },
        {
          "center": [
            0.72,
            0.61,
            0.45
          ],
          "sigma": 0.1
        },
        {
          "center": [
            0.53,
            0.45,
            0.8
          ],
          "sigma": 0.14
        }
      ],
      "bandlimit_kmax": 42
    },
    "N": 128,
    "steps": 1200,
    "serrin_pairs": [
      [
        5,
        5
      ],
      [
        8,
        4
      ]
    ]
  },
  "finished_at": "2025-09-30T19:51:17.791703",
  "final_diags": {
    "E": 0.0007129241130314767,
    "budget_residual": 1.5161582186099974e-07,
    "E_source": "adapter",
    "eps_field": 0.000244856622302078,
    "eps_source": "adapter",
    "omega_max": 5.447635650634766,
    "omega_source": "adapter",
    "strain_max": 1.4975434438275903,
    "strain_source": "adapter",
    "enstrophy": 0.2448565661907196,
    "enstrophy_source": "adapter",
    "pal_source": "computed",
    "div_u_max": 4.101091452976546e-06,
    "div_source": "adapter",
    "budget_source": "adapter",
    "KMR": 12.051486530787347,
    "KMR_source": "adapter",
    "CFL": 0.4,
    "dt": 0.001,
    "BKM": 13.025753225803388,
    "BKM_source": "adapter",
    "Q_mean": 0.0612141275198403,
    "Q_source": "adapter",
    "error_track": 6.367241439875215e-06,
    "error_track_source": "adapter",
    "H1_semi": 0.24485662230195981,
    "H2_semi": 75.9190189897277,
    "H1_norm": 0.4962685467849265,
    "H2_norm": 8.727273426463487,
    "grad_inf_bound": 8.727273426463487,
    "serrin": {
      "p4_q12": {
        "Lq": 0.09642082039380268,
        "Int_Lq_p": 0.0004960299228584107
      },
      "p8_q6": {
        "Lq": 0.07419453830077147,
        "Int_Lq_p": 1.3191809101733647e-08
      }
    },
    "cum_dissipation": 0.0004865091964455623,
    "energy_drop": 0.0004870753618888557,
    "diss_balance_err": 5.66165443293418e-07
  }
}