{
  "source_progress": "C:\\Users\\van\\u_suite\\runs\\LIVE_MAX_HELICAL_POS\\runs\\N128_MAX_HELICAL_POS_1200\\progress.jsonl",
  "out_root": "C:\\Users\\van\\u_suite\\runs\\LIVE_MAX_HELICAL_POS\\runs\\N128_MAX_HELICAL_POS_1200",
  "nu": 0.001,
  "kappa": 8.0,
  "epsilon_crit": 0.008,
  "dt": 0.001,
  "series_length": 1201,
  "tail_fit": {
    "a": -0.3643360968263312,
    "b": -2.5266215609388696,
    "R2_logexp": 0.9999999999983392
  },
  "predicted_crossing": {
    "t_hit": 1.7667773082792804,
    "extra_time_needed": 0.5657773082792803,
    "extra_steps_needed": 566,
    "hit_possible": true
  }
}