{
  "run_id": "N128_20251001_152514",
  "params": {
    "adapter": "ns_fft",
    "scheme": "rk2",
    "CFL": 0.4,
    "nu": 0.001,
    "snapshot_stride": 100,
    "save_arrays": [
      "u",
      "v",
      "w",
      "p",
      "T"
    ],
    "E0": 0.0012,
    "ic": "MAX_HELICAL_POS",
    "ic_params": {
      "helical": {
        "ABC": [
          1.0,
          1.0,
          1.0
        ],
        "k": 1,
        "sign": 1
      },
      "bandlimit_kmax": 42
    },
    "N": 128,
    "steps": 1200,
    "serrin_pairs": [
      [
        5,
        5
      ],
      [
        8,
        4
      ]
    ]
  },
  "finished_at": "2025-10-01T16:27:39.972760",
  "final_diags": {
    "E": 2.7763371690525673e-06,
    "budget_residual": -4.288093195424404e-08,
    "E_source": "adapter",
    "eps_field": 1.4029503214902831e-05,
    "eps_source": "adapter",
    "omega_max": 0.11844632774591446,
    "omega_source": "adapter",
    "strain_max": 0.08375420393746698,
    "strain_source": "adapter",
    "enstrophy": 0.014029503799974918,
    "enstrophy_source": "adapter",
    "pal_source": "computed",
    "div_u_max": 0.0,
    "div_source": "adapter",
    "budget_source": "adapter",
    "KMR": 24.63247269544123,
    "KMR_source": "adapter",
    "CFL": 0.4,
    "dt": 0.001,
    "BKM": 0.9265703322291383,
    "BKM_source": "adapter",
    "Q_mean": 0.0035073760962617516,
    "Q_source": "adapter",
    "error_track": 0.0,
    "error_track_source": "adapter",
    "H1_semi": 0.01402950321490283,
    "H2_semi": 35.4472055488404,
    "H1_norm": 0.11846964121343888,
    "H2_norm": 5.954934139411589,
    "grad_inf_bound": 5.954934139411589,
    "serrin": {
      "p4_q12": {
        "Lq": 0.002356412321226226,
        "Int_Lq_p": 5.670529639676067e-07
      },
      "p8_q6": {
        "Lq": 0.0023564125672787995,
        "Int_Lq_p": 1.6248686280396783e-12
      }
    },
    "cum_dissipation": 0.0011942003915692138,
    "energy_drop": 0.0011972238362432108,
    "diss_balance_err": 3.0234446739970614e-06
  }
}