{
  "adapter": "ns_fft",
  "scheme": "rk2",
  "CFL": 0.4,
  "nu": 0.001,
  "snapshot_stride": 100,
  "save_arrays": [
    "u",
    "v",
    "w",
    "p",
    "T"
  ],
  "E0": 0.0012,
  "ic": "MASTER_MIX_A",
  "ic_params": {
    "seed": 123,
    "mix": {
      "w_tg": 0.6,
      "w_rand": 0.3,
      "w_khi": 0.1
    },
    "high_k_shell": {
      "kmin": 30,
      "kmax": 42
    },
    "khi": {
      "modes": [
        [
          1,
          0,
          0
        ],
        [
          1,
          1,
          0
        ],
        [
          0,
          1,
          1
        ]
      ],
      "amplitudes": [
        1.0,
        0.7,
        0.5
      ]
    }
  },
 "runs": [
  {
    "N": 128,
    "steps": 1200,
    "ic": "MASTER_MIX_A"
  },
  {
    "N": 256,
    "steps": 1600,
    "ic": "MASTER_MIX_A"
  }
]
}