{
  "source_progress": "C:\\Users\\van\\u_suite\\runs\\N128_MASTER_MIX_A\\runs\\N128\\progress.jsonl",
  "out_root": "C:\\Users\\van\\u_suite\\runs\\N128_MASTER_MIX_A\\runs\\N128",
  "nu": 0.001,
  "kappa": 8.0,
  "epsilon_crit": 0.008,
  "dt": 0.001,
  "series_length": 1201,
  "tail_fit": {
    "a": -0.9707956575596454,
    "b": -0.35708775824308925,
    "R2_logexp": 0.9927278626711148
  },
  "predicted_crossing": {
    "t_hit": 10.802717233214787,
    "extra_time_needed": 9.601717233214787,
    "extra_steps_needed": 9602,
    "hit_possible": true
  }
}