{
  "run_id": "N128_20251003_235809",
  "params": {
    "adapter": "ns_fft",
    "scheme": "rk2",
    "CFL": 0.4,
    "nu": 0.001,
    "snapshot_stride": 100,
    "save_arrays": [
      "u",
      "v",
      "w",
      "p",
      "T"
    ],
    "E0": 0.0012,
    "ic": "MASTER_MIX_A",
    "ic_params": {
      "seed": 123,
      "mix": {
        "w_tg": 0.6,
        "w_rand": 0.3,
        "w_khi": 0.1
      },
      "high_k_shell": {
        "kmin": 30,
        "kmax": 42
      },
      "khi": {
        "modes": [
          [
            1,
            0,
            0
          ],
          [
            1,
            1,
            0
          ],
          [
            0,
            1,
            1
          ]
        ],
        "amplitudes": [
          1.0,
          0.7,
          0.5
        ]
      }
    },
    "N": 128,
    "steps": 1200,
    "serrin_pairs": [
      [
        5,
        5
      ],
      [
        8,
        4
      ]
    ]
  },
  "finished_at": "2025-10-04T01:00:31.325913",
  "final_diags": {
    "E": 0.0006626437534578145,
    "budget_residual": 3.233210872545392e-07,
    "E_source": "adapter",
    "eps_field": 0.00018251329974640752,
    "eps_source": "adapter",
    "omega_max": 1.1632248163223267,
    "omega_source": "adapter",
    "strain_max": 0.7213477644650039,
    "strain_source": "adapter",
    "enstrophy": 0.18251323699951172,
    "enstrophy_source": "adapter",
    "pal_source": "computed",
    "div_u_max": 2.7198046054499603e-06,
    "div_source": "adapter",
    "budget_source": "adapter",
    "KMR": 12.970148665124974,
    "KMR_source": "adapter",
    "CFL": 0.4,
    "dt": 0.001,
    "BKM": 2.209158443450926,
    "BKM_source": "adapter",
    "Q_mean": 0.04562829356315398,
    "Q_source": "adapter",
    "error_track": 5.01298563904129e-06,
    "error_track_source": "adapter",
    "H1_semi": 0.1825132997462989,
    "H2_semi": 67.72948127196128,
    "H1_norm": 0.42876402280650194,
    "H2_norm": 8.240953819747718,
    "grad_inf_bound": 8.240953819747718,
    "serrin": {
      "p4_q12": {
        "Lq": 0.05612051313093585,
        "Int_Lq_p": 2.0955081490867865e-05
      },
      "p8_q6": {
        "Lq": 0.04720455850045358,
        "Int_Lq_p": 9.25972332375142e-11
      }
    },
    "cum_dissipation": 0.0005368834759455433,
    "energy_drop": 0.0005373560707084835,
    "diss_balance_err": 4.7259476294012927e-07
  }
}