{
  "adapter": "ns_fft",
  "scheme": "rk2",
  "CFL": 0.4,
  "nu": 0.001,
  "snapshot_stride": 100,
  "save_arrays": [
    "u",
    "v",
    "w",
    "p",
    "T"
  ],
  "E0": 0.0012,
  "ic": "DOUBLE_HELIX_JET",
  "ic_params": {
    "helix": {
      "U0": 0.5,
      "S0": 0.35,
      "r0": 0.14,
      "centers": [
        [
          0.3,
          0.5
        ],
        [
          0.7,
          0.5
        ]
      ],
      "kz": 2,
      "phase_offset": 1.047,
      "eps": 0.03
    },
    "bandlimit_kmax": 42,
    "seed": 123
  },
  "runs": [
    {
      "N": 128,
      "steps": 1200,
      "ic": "DOUBLE_HELIX_JET"
    },
    {
      "N": 256,
      "steps": 1600,
      "ic": "DOUBLE_HELIX_JET"
    }
  ]
}