{
  "source_progress": "C:\\Users\\van\\u_suite\\runs\\N128_DOUBLE_HELIX_JET\\runs\\N128\\progress.jsonl",
  "out_root": "C:\\Users\\van\\u_suite\\runs\\N128_DOUBLE_HELIX_JET\\runs\\N128",
  "nu": 0.001,
  "kappa": 8.0,
  "epsilon_crit": 0.008,
  "dt": 0.001,
  "series_length": 1201,
  "tail_fit": {
    "a": -1.0641501673029903,
    "b": -0.22380113160275664,
    "R2_logexp": 0.9985487335364139
  },
  "predicted_crossing": {
    "t_hit": 16.81923385749738,
    "extra_time_needed": 15.61823385749738,
    "extra_steps_needed": 15619,
    "hit_possible": true
  }
}