{
  "run_id": "N128_20251004_170243",
  "params": {
    "adapter": "ns_fft",
    "scheme": "rk2",
    "CFL": 0.4,
    "nu": 0.001,
    "snapshot_stride": 100,
    "save_arrays": [
      "u",
      "v",
      "w",
      "p",
      "T"
    ],
    "E0": 0.0012,
    "ic": "DOUBLE_HELIX_JET",
    "ic_params": {
      "helix": {
        "U0": 0.5,
        "S0": 0.35,
        "r0": 0.14,
        "centers": [
          [
            0.3,
            0.5
          ],
          [
            0.7,
            0.5
          ]
        ],
        "kz": 2,
        "phase_offset": 1.047,
        "eps": 0.03
      },
      "bandlimit_kmax": 42,
      "seed": 123
    },
    "N": 128,
    "steps": 1200,
    "serrin_pairs": [
      [
        5,
        5
      ],
      [
        8,
        4
      ]
    ]
  },
  "finished_at": "2025-10-04T18:04:55.386384",
  "final_diags": {
    "E": 0.0008364401874132454,
    "budget_residual": 3.1462264525139536e-07,
    "E_source": "adapter",
    "eps_field": 0.00018285384726988518,
    "eps_source": "adapter",
    "omega_max": 2.074538469314575,
    "omega_source": "adapter",
    "strain_max": 0.7000194417263466,
    "strain_source": "adapter",
    "enstrophy": 0.18285389244556427,
    "enstrophy_source": "adapter",
    "pal_source": "computed",
    "div_u_max": 3.283731514532734e-06,
    "div_source": "adapter",
    "budget_source": "adapter",
    "KMR": 12.964105532545801,
    "KMR_source": "adapter",
    "CFL": 0.4,
    "dt": 0.001,
    "BKM": 5.737148911476136,
    "BKM_source": "adapter",
    "Q_mean": 0.04571348440531084,
    "Q_source": "adapter",
    "error_track": 4.111088401259622e-06,
    "error_track_source": "adapter",
    "H1_semi": 0.18285384726981582,
    "H2_semi": 51.67998720211414,
    "H1_norm": 0.4295657430995194,
    "H2_norm": 7.201702155029656,
    "grad_inf_bound": 7.201702155029656,
    "serrin": {
      "p4_q12": {
        "Lq": 0.09517448386753612,
        "Int_Lq_p": 0.00018310513896415076
      },
      "p8_q6": {
        "Lq": 0.07621931805041629,
        "Int_Lq_p": 4.66388112232251e-09
      }
    },
    "cum_dissipation": 0.00036293069299068374,
    "energy_drop": 0.0003635594039224088,
    "diss_balance_err": 6.287109317250784e-07
  }
}