{
  "source_progress": "C:\\Users\\van\\u_suite\\runs\\N128_DYADIC_TOWER_1200\\progress.jsonl",
  "out_root": "C:\\Users\\van\\u_suite\\runs\\N128_DYADIC_TOWER_1200",
  "nu": 0.001,
  "kappa": 8.0,
  "epsilon_crit": 0.008,
  "dt": 0.001,
  "series_length": 1201,
  "tail_fit": {
    "a": -0.7042983948193093,
    "b": -0.6552946018649526,
    "R2_logexp": 0.9999974095924967
  },
  "predicted_crossing": {
    "t_hit": 6.293376033842098,
    "extra_time_needed": 5.092376033842099,
    "extra_steps_needed": 5093,
    "hit_possible": true
  }
}