{
  "run_id": "N128_20250929_184244",
  "params": {
    "adapter": "ns_fft",
    "scheme": "rk2",
    "CFL": 0.4,
    "nu": 0.001,
    "snapshot_stride": 100,
    "save_arrays": [
      "u",
      "v",
      "w",
      "p",
      "T"
    ],
    "E0": 0.0012,
    "ic": "DYADIC_TOWER",
    "N": 128,
    "steps": 1200,
    "serrin_pairs": [
      [
        5,
        5
      ],
      [
        8,
        4
      ]
    ]
  },
  "finished_at": "2025-09-29T19:44:52.968264",
  "final_diags": {
    "E": 0.0002494625514373183,
    "budget_residual": -1.820451744928282e-07,
    "E_source": "adapter",
    "eps_field": 0.000322026461812006,
    "eps_source": "adapter",
    "omega_max": 1.658170461654663,
    "omega_source": "adapter",
    "strain_max": 1.0171211797227324,
    "strain_source": "adapter",
    "enstrophy": 0.3220265507698059,
    "enstrophy_source": "adapter",
    "pal_source": "computed",
    "div_u_max": 1.7819187028630945e-06,
    "div_source": "adapter",
    "budget_source": "adapter",
    "KMR": 11.253709318304171,
    "KMR_source": "adapter",
    "CFL": 0.4,
    "dt": 0.001,
    "BKM": 2.9517422358989727,
    "BKM_source": "adapter",
    "Q_mean": 0.08050665993190145,
    "Q_source": "adapter",
    "error_track": 7.806296707713045e-06,
    "error_track_source": "adapter",
    "H1_semi": 0.32202646181197475,
    "H2_semi": 211.70060250156442,
    "H1_norm": 0.5679131860723515,
    "H2_norm": 14.561013971852347,
    "grad_inf_bound": 14.561013971852347,
    "serrin": {
      "p4_q12": {
        "Lq": 0.041168369403969396,
        "Int_Lq_p": 2.293758753718486e-05
      },
      "p8_q6": {
        "Lq": 0.031372095259317466,
        "Int_Lq_p": 9.207681810366246e-11
      }
    },
    "cum_dissipation": 0.0009499129605418631,
    "energy_drop": 0.0009505373891443014,
    "diss_balance_err": 6.244286024383299e-07
  }
}