{
  "adapter": "ns_fft",
  "scheme": "rk2",
  "CFL": 0.4,
  "nu": 0.001,
  "snapshot_stride": 100,
  "save_arrays": [
    "u",
    "v",
    "w",
    "p",
    "T"
  ],
  "E0": 0.001,
  "ic": "ABC",
  "runs": [
    {
      "N": 128,
      "steps": 1200,
      "ic": "ABC"
    },
    {
      "N": 256,
      "steps": 1600,
      "ic": "ABC"
    }
  ]
}

NOTE:
This initial condition is procedurally generated inside the solver.
No external IC file is loaded for this atlas.
The IC is fully determined by the recorded configuration
(IC type, parameters, N, E0, RNG seed).