{
  "source_progress": "C:\\Users\\van\\u_suite\\runs\\N128_abc\\progress.jsonl",
  "out_root": "C:\\Users\\van\\u_suite\\runs\\N128_abc",
  "nu": 0.001,
  "kappa": 8.0,
  "epsilon_crit": 0.008,
  "dt": 0.001,
  "series_length": 1201,
  "tail_fit": {
    "a": -1.495218147891676,
    "b": -0.0394917425763321,
    "R2_logexp": 0.9999999996274858
  },
  "predicted_crossing": {
    "t_hit": 84.39981049122383,
    "extra_time_needed": 83.19881049122384,
    "extra_steps_needed": 83199,
    "hit_possible": true
  }
}