{
  "run_id": "N128_20251002_052529",
  "params": {
    "adapter": "ns_fft",
    "scheme": "rk2",
    "CFL": 0.4,
    "nu": 0.001,
    "snapshot_stride": 100,
    "save_arrays": [
      "u",
      "v",
      "w",
      "p",
      "T"
    ],
    "E0": 0.001,
    "ic": "ABC",
    "N": 128,
    "steps": 1200,
    "serrin_pairs": [
      [
        5,
        5
      ],
      [
        8,
        4
      ]
    ]
  },
  "finished_at": "2025-10-02T06:27:23.590839",
  "final_diags": {
    "E": 0.0009095012792386115,
    "budget_residual": -1.690140863526944e-08,
    "E_source": "adapter",
    "eps_field": 7.181135215858351e-05,
    "eps_source": "adapter",
    "omega_max": 0.3789746165275574,
    "omega_source": "adapter",
    "strain_max": 0.267975163712447,
    "strain_source": "adapter",
    "enstrophy": 0.07181137055158615,
    "enstrophy_source": "adapter",
    "pal_source": "computed",
    "div_u_max": 1.9051019424419056e-06,
    "div_source": "adapter",
    "budget_source": "adapter",
    "KMR": 16.376470499926803,
    "KMR_source": "adapter",
    "CFL": 0.4,
    "dt": 0.001,
    "BKM": 0.4661082166433336,
    "BKM_source": "adapter",
    "Q_mean": 0.017952847236147196,
    "Q_source": "adapter",
    "error_track": 9.722635923026246e-07,
    "error_track_source": "adapter",
    "H1_semi": 0.07181135215849349,
    "H2_semi": 2.8349987487924806,
    "H1_norm": 0.2713491380435374,
    "H2_norm": 1.705470346710681,
    "grad_inf_bound": 1.705470346710681,
    "serrin": {
      "p4_q12": {
        "Lq": 0.051243534398270216,
        "Int_Lq_p": 9.118282320931783e-06
      },
      "p8_q6": {
        "Lq": 0.04787275031111834,
        "Int_Lq_p": 4.0288156106090934e-11
      }
    },
    "cum_dissipation": 9.0464928366562e-05,
    "energy_drop": 9.049853542819619e-05,
    "diss_balance_err": 3.360706163418805e-08
  }
}