{
  "adapter": "ns_fft",
  "scheme": "rk2",
  "CFL": 0.4,
  "nu": 0.001,
  "snapshot_stride": 100,
  "save_arrays": [
    "u",
    "v",
    "w",
    "p",
    "T"
  ],
  "E0": 0.0012,
  "ic": "SCREW_PINCH",
  "ic_params": {
    "screw": {
      "U0": 0.6,
      "S0": 0.4,
      "r0": 0.18,
      "k0": 2,
      "k1": 2,
      "eps0": 0.03,
      "eps1": 0.02
    },
    "bandlimit_kmax": 42,
    "seed": 123
  },
  "runs": [
    {
      "N": 128,
      "steps": 1200,
      "ic": "SCREW_PINCH"
    },
    {
      "N": 256,
      "steps": 1600,
      "ic": "SCREW_PINCH"
    }
  ]
}