{
  "source_progress": "C:\\Users\\van\\u_suite\\runs\\N128_SCREW_PINCH\\runs\\N128\\progress.jsonl",
  "out_root": "C:\\Users\\van\\u_suite\\runs\\N128_SCREW_PINCH\\runs\\N128",
  "nu": 0.001,
  "kappa": 8.0,
  "epsilon_crit": 0.008,
  "dt": 0.001,
  "series_length": 1201,
  "tail_fit": {
    "a": -1.1558034781036828,
    "b": -0.16159457375175218,
    "R2_logexp": 0.9985533011012949
  },
  "predicted_crossing": {
    "t_hit": 22.726692944779636,
    "extra_time_needed": 21.525692944779635,
    "extra_steps_needed": 21526,
    "hit_possible": true
  }
}