{
  "run_id": "N128_20251004_180606",
  "params": {
    "adapter": "ns_fft",
    "scheme": "rk2",
    "CFL": 0.4,
    "nu": 0.001,
    "snapshot_stride": 100,
    "save_arrays": [
      "u",
      "v",
      "w",
      "p",
      "T"
    ],
    "E0": 0.0012,
    "ic": "SCREW_PINCH",
    "ic_params": {
      "screw": {
        "U0": 0.6,
        "S0": 0.4,
        "r0": 0.18,
        "k0": 2,
        "k1": 2,
        "eps0": 0.03,
        "eps1": 0.02
      },
      "bandlimit_kmax": 42,
      "seed": 123
    },
    "N": 128,
    "steps": 1200,
    "serrin_pairs": [
      [
        5,
        5
      ],
      [
        8,
        4
      ]
    ]
  },
  "finished_at": "2025-10-04T19:09:04.715450",
  "final_diags": {
    "E": 0.000937754986807704,
    "budget_residual": 2.4830224591113493e-08,
    "E_source": "adapter",
    "eps_field": 0.00015188861754782758,
    "eps_source": "adapter",
    "omega_max": 2.508380174636841,
    "omega_source": "adapter",
    "strain_max": 0.7372150495234946,
    "strain_source": "adapter",
    "enstrophy": 0.15188853442668915,
    "enstrophy_source": "adapter",
    "pal_source": "computed",
    "div_u_max": 4.37334530471907e-06,
    "div_source": "adapter",
    "budget_source": "adapter",
    "KMR": 13.579609330059622,
    "KMR_source": "adapter",
    "CFL": 0.4,
    "dt": 0.001,
    "BKM": 6.441225898504246,
    "BKM_source": "adapter",
    "Q_mean": 0.03797211282638768,
    "Q_source": "adapter",
    "error_track": 3.3485559924884e-06,
    "error_track_source": "adapter",
    "H1_semi": 0.15188861754774077,
    "H2_semi": 30.78125907364218,
    "H1_norm": 0.3921276928774046,
    "H2_norm": 5.561926213207394,
    "grad_inf_bound": 5.561926213207394,
    "serrin": {
      "p4_q12": {
        "Lq": 0.11453674231446247,
        "Int_Lq_p": 0.0003183421450539404
      },
      "p8_q6": {
        "Lq": 0.08950750957075505,
        "Int_Lq_p": 1.118944739317172e-08
      }
    },
    "cum_dissipation": 0.00026191305360264474,
    "energy_drop": 0.0002622447209432721,
    "diss_balance_err": 3.31667340627373e-07
  }
}