{
  "source_progress": "C:\\Users\\van\\u_suite\\runs\\N128\\progress.jsonl",
  "out_root": "C:\\Users\\van\\u_suite\\runs\\N128",
  "nu": 0.001,
  "kappa": 8.0,
  "epsilon_crit": 0.008,
  "dt": 0.001,
  "series_length": 541,
  "tail_fit": {
    "a": -0.8739916894797239,
    "b": -0.47359996675144556,
    "R2_logexp": 0.9999999988987268
  },
  "predicted_crossing": {
    "t_hit": 8.349498153360054,
    "extra_time_needed": 7.808498153360054,
    "extra_steps_needed": 7809,
    "hit_possible": true
  }
}