{
  "run_id": "N128_20251002_172859",
  "params": {
    "adapter": "ns_fft",
    "scheme": "rk2",
    "CFL": 0.4,
    "nu": 0.001,
    "snapshot_stride": 100,
    "save_arrays": [
      "u",
      "v",
      "w",
      "p",
      "T"
    ],
    "E0": 0.001,
    "ic": "TG2X",
    "N": 128,
    "steps": 1200,
    "serrin_pairs": [
      [
        5,
        5
      ],
      [
        8,
        4
      ]
    ]
  },
  "finished_at": "2025-10-02T18:31:32.388095",
  "final_diags": {
    "E": 0.00032028817804530263,
    "budget_residual": -4.035007968570029e-07,
    "E_source": "adapter",
    "eps_field": 0.00030378973513692367,
    "eps_source": "adapter",
    "omega_max": 1.2687747478485107,
    "omega_source": "adapter",
    "strain_max": 0.901770012811448,
    "strain_source": "adapter",
    "enstrophy": 0.30378976464271545,
    "enstrophy_source": "adapter",
    "pal_source": "computed",
    "div_u_max": 1.6186628222843603e-06,
    "div_source": "adapter",
    "budget_source": "adapter",
    "KMR": 11.418927339473997,
    "KMR_source": "adapter",
    "CFL": 0.4,
    "dt": 0.001,
    "BKM": 2.0557160502672205,
    "BKM_source": "adapter",
    "Q_mean": 0.07594744853712682,
    "Q_source": "adapter",
    "error_track": 8.489245374221355e-06,
    "error_track_source": "adapter",
    "H1_semi": 0.3037897351368697,
    "H2_semi": 144.32547480283165,
    "H1_norm": 0.5517520380505724,
    "H2_norm": 12.026217406746172,
    "grad_inf_bound": 12.026217406746172,
    "serrin": {
      "p4_q12": {
        "Lq": 0.03714968033579802,
        "Int_Lq_p": 8.790430551270086e-06
      },
      "p8_q6": {
        "Lq": 0.03235788004301146,
        "Int_Lq_p": 2.9815399474081275e-11
      }
    },
    "cum_dissipation": 0.0006793933279157589,
    "energy_drop": 0.0006797132664360106,
    "diss_balance_err": 3.199385202516756e-07
  }
}