{
  "source_progress": "C:\\Users\\van\\u_suite\\runs\\LIVE_MAX_HELICAL_POS\\runs\\N128\\progress.jsonl",
  "out_root": "C:\\Users\\van\\u_suite\\runs\\LIVE_MAX_HELICAL_POS\\runs\\N128",
  "nu": 0.001,
  "kappa": 8.0,
  "epsilon_crit": 0.008,
  "dt": 0.001,
  "series_length": 1794,
  "tail_fit": {
    "a": -0.3643387429412974,
    "b": -2.5266191988345073,
    "R2_logexp": 0.9999999999994861
  },
  "predicted_crossing": {
    "t_hit": 1.7667779127223333,
    "extra_time_needed": -0.02722208727766673,
    "extra_steps_needed": 0,
    "hit_possible": false
  }
}