{
  "run_id": "N128_20251004_152547",
  "params": {
    "adapter": "ns_fft",
    "scheme": "rk2",
    "CFL": 0.4,
    "nu": 0.001,
    "snapshot_stride": 100,
    "save_arrays": [
      "u",
      "v",
      "w",
      "p",
      "T"
    ],
    "E0": 0.0012,
    "ic": "MAX_HELICAL_POS",
    "ic_params": {
      "helical": {
        "ABC": [
          1.0,
          1.0,
          1.0
        ],
        "k": 1,
        "sign": 1
      },
      "bandlimit_kmax": 42
    },
    "N": 128,
    "steps": 1800,
    "serrin_pairs": [
      [
        5,
        5
      ],
      [
        8,
        4
      ]
    ]
  },
  "finished_at": "2025-10-04T16:59:42.010348",
  "final_diags": {
    "E": 1.3388054753704637e-07,
    "budget_residual": -1.5699562179555329e-09,
    "E_source": "adapter",
    "eps_field": 6.765293982273385e-07,
    "eps_source": "adapter",
    "omega_max": 0.026010263711214066,
    "omega_source": "adapter",
    "strain_max": 0.018392033464569767,
    "strain_source": "adapter",
    "enstrophy": 0.0006765287253074348,
    "enstrophy_source": "adapter",
    "pal_source": "computed",
    "div_u_max": 0.0,
    "div_source": "adapter",
    "budget_source": "adapter",
    "KMR": 52.565029797870224,
    "KMR_source": "adapter",
    "CFL": 0.4,
    "dt": 0.001,
    "BKM": 0.9631090634092692,
    "BKM_source": "adapter",
    "Q_mean": 0.00016913201309688277,
    "Q_source": "adapter",
    "error_track": 0.0,
    "error_track_source": "adapter",
    "H1_semi": 0.0006765293982273385,
    "H2_semi": 1.7093318467045506,
    "H1_norm": 0.026015325470237972,
    "H2_norm": 1.307672988121982,
    "grad_inf_bound": 1.307672988121982,
    "serrin": {
      "p4_q12": {
        "Lq": 0.0005174561953511288,
        "Int_Lq_p": 5.670559922595727e-07
      },
      "p8_q6": {
        "Lq": 0.0005174561205606939,
        "Int_Lq_p": 1.6248686280862316e-12
      }
    },
    "cum_dissipation": 0.0011968361791226698,
    "energy_drop": 0.0011998662928647263,
    "diss_balance_err": 3.030113742056575e-06
  }
}